<?xml version="1.0" encoding="UTF-8"?>

<!--<!DOCTYPE szemelyek SYSTEM "szemelyek1Y8Y.dtd">  -->

<szemelyek xmlns:xs="http://www.w3.org/2001/XMLSchema"
xs:noNamespaceSchemaLocation="http://example.com/szemelyekHC1Y8Y.xsd">
	<szemely nem="ferfi">
		<szemely_id id="01">
			<nev>
				<sajat_nev></sajat_nev>
			</nev>
			<kor></kor>
			<varos></varos>
		</szemely_id>
		<szemely_id id="02">
			<nev>
				<sajat_nev></sajat_nev>
			</nev>
			<kor></kor>
			<varos></varos>
		</szemely_id>
		<szemely_id id="03">
			<nev>
				<sajat_nev></sajat_nev>
			</nev>
			<kor></kor>
			<varos></varos>
		</szemely_id>
	</szemely>
</szemelyek>